Region,Mean_RTT
MIDLANDS COMMISSIONING REGION,17746.0
NORTH WEST COMMISSIONING REGION,16012.5
LONDON COMMISSIONING REGION,15300.0
NORTH EAST AND YORKSHIRE COMMISSIONING REGION,12060.5
SOUTH EAST COMMISSIONING REGION,10894.0
EAST OF ENGLAND COMMISSIONING REGION,9988.0
SOUTH WEST COMMISSIONING REGION,8604.0
NHS BLACK COUNTRY ICB - D2P2L,2271.2
NHS KENT AND MEDWAY ICB - 91Q,2120.0
NHS NOTTINGHAM AND NOTTINGHAMSHIRE ICB - 52R,1865.2631578947369
NHS NORFOLK AND WAVENEY ICB - 26A,1810.25
all SubICBs,1551.743220338983
NHS HAMPSHIRE AND ISLE OF WIGHT ICB - D9Y0V,1489.642857142857
"NHS BRISTOL, NORTH SOMERSET AND SOUTH GLOUCESTERSHIRE ICB - 15C",1486.9565217391305
NHS DORSET ICB - 11J,1460.0
NHS WEST YORKSHIRE ICB - 15F,1442.2727272727273
"NHS SHROPSHIRE, TELFORD AND WREKIN ICB - M2L0M",1274.5
NHS NORTH EAST LONDON ICB - A3A8R,1263.6440677966102
NHS DEVON ICB - 15N,1133.2926829268292
NHS HEREFORDSHIRE AND WORCESTERSHIRE ICB - 18C,1028.5
"NHS BUCKINGHAMSHIRE, OXFORDSHIRE AND BERKSHIRE WEST ICB - 15A",1009.0
NHS COVENTRY AND WARWICKSHIRE ICB - B2M3M,981.25
NHS DERBY AND DERBYSHIRE ICB - 15M,975.2857142857143
NHS SOUTH YORKSHIRE ICB - 03N,972.75
NHS WEST YORKSHIRE ICB - 36J,910.5263157894736
NHS NORTHAMPTONSHIRE ICB - 78H,894.074074074074
NHS SUFFOLK AND NORTH EAST ESSEX ICB - 06L,885.5555555555555
NHS CHESHIRE AND MERSEYSIDE ICB - 12F,861.0
NHS BIRMINGHAM AND SOLIHULL ICB - 15E,850.4098360655738
NHS SOUTH EAST LONDON ICB - 72Q,814.6103896103896
"NHS BEDFORDSHIRE, LUTON AND MILTON KEYNES ICB - M1J4Y",814.4186046511628
NHS SUSSEX ICB - 70F,813.8461538461538
NHS CORNWALL AND THE ISLES OF SCILLY ICB - 11N,795.5
NHS HAMPSHIRE AND ISLE OF WIGHT ICB - 10R,794.4444444444445
NHS GLOUCESTERSHIRE ICB - 11M,775.0
NHS SUSSEX ICB - 09D,756.25
NHS SOMERSET ICB - 11X,755.0
NHS GREATER MANCHESTER ICB - 14L,742.1153846153846
NHS NORTH EAST AND NORTH CUMBRIA ICB - 00L,716.875
NHS GREATER MANCHESTER ICB - 01G,687.7272727272727
NHS STAFFORDSHIRE AND STOKE-ON-TRENT ICB - 05W,650.7894736842105
NHS MID AND SOUTH ESSEX ICB - 06Q,620.9375
NHS NORTH WEST LONDON ICB - W2U3Z,614.6402877697842
NHS SOUTH YORKSHIRE ICB - 02X,611.75
NHS GREATER MANCHESTER ICB - 02H,598.5897435897435
NHS SUFFOLK AND NORTH EAST ESSEX ICB - 07K,596.9444444444445
NHS CHESHIRE AND MERSEYSIDE ICB - 99A,594.2857142857143
NHS NORTH EAST AND NORTH CUMBRIA ICB - 16C,583.9285714285714
NHS LINCOLNSHIRE ICB - 71E,565.0
NHS HUMBER AND NORTH YORKSHIRE ICB - 42D,560.7407407407408
"NHS BATH AND NORTH EAST SOMERSET, SWINDON AND WILTSHIRE ICB - 92G",556.4285714285714
NHS CAMBRIDGESHIRE AND PETERBOROUGH ICB - 06H,548.5
NHS NORTH EAST AND NORTH CUMBRIA ICB - 13T,542.0370370370371
"NHS LEICESTER, LEICESTERSHIRE AND RUTLAND ICB - 04V",541.7857142857143
NHS GREATER MANCHESTER ICB - 01D,537.9166666666666
NHS LANCASHIRE AND SOUTH CUMBRIA ICB - 01A,537.0370370370371
NHS LANCASHIRE AND SOUTH CUMBRIA ICB - 01K,528.4615384615385
NHS STAFFORDSHIRE AND STOKE-ON-TRENT ICB - 05G,528.0
NHS WEST YORKSHIRE ICB - X2C4Y,521.4285714285714
NHS SUSSEX ICB - 97R,518.25
NHS HERTFORDSHIRE AND WEST ESSEX ICB - 06K,505.7142857142857
NHS NORTH CENTRAL LONDON ICB - 93C,497.30337078651684
NHS LANCASHIRE AND SOUTH CUMBRIA ICB - 00Q,492.85714285714283
NHS NORTH EAST AND NORTH CUMBRIA ICB - 84H,480.2173913043478
NHS SOUTH WEST LONDON ICB - 36L,474.1975308641975
NHS SURREY HEARTLANDS ICB - 92A,468.6363636363636
NHS STAFFORDSHIRE AND STOKE-ON-TRENT ICB - 05Q,458.5
NHS GREATER MANCHESTER ICB - 01W,453.5897435897436
NHS HUMBER AND NORTH YORKSHIRE ICB - 02Y,448.75
NHS NORTH EAST AND NORTH CUMBRIA ICB - 00P,441.95652173913044
NHS HERTFORDSHIRE AND WEST ESSEX ICB - 06N,432.9230769230769
NHS WEST YORKSHIRE ICB - 02T,422.14285714285717
NHS LANCASHIRE AND SOUTH CUMBRIA ICB - 01E,399.2857142857143
NHS GREATER MANCHESTER ICB - 02A,397.258064516129
Unknown,393.38028169014086
NHS CHESHIRE AND MERSEYSIDE ICB - 27D,389.4318181818182
NHS HUMBER AND NORTH YORKSHIRE ICB - 03Q,387.6470588235294
NHS SOUTH YORKSHIRE ICB - 03L,385.74074074074076
"NHS LEICESTER, LEICESTERSHIRE AND RUTLAND ICB - 04C",384.375
NHS FRIMLEY ICB - D4U1Y,383.4166666666667
NHS NORTH EAST AND NORTH CUMBRIA ICB - 00N,365.625
"NHS LEICESTER, LEICESTERSHIRE AND RUTLAND ICB - 03W",359.64285714285717
NHS GREATER MANCHESTER ICB - 00T,354.24242424242425
NHS LANCASHIRE AND SOUTH CUMBRIA ICB - 00X,353.6111111111111
NHS STAFFORDSHIRE AND STOKE-ON-TRENT ICB - 05V,345.0
NHS WEST YORKSHIRE ICB - 03R,326.25
NHS STAFFORDSHIRE AND STOKE-ON-TRENT ICB - 04Y,324.0
"NHS BUCKINGHAMSHIRE, OXFORDSHIRE AND BERKSHIRE WEST ICB - 10Q",318.8235294117647
NHS SOUTH YORKSHIRE ICB - 02P,315.0
NHS GREATER MANCHESTER ICB - 00Y,312.72727272727275
NHS CHESHIRE AND MERSEYSIDE ICB - 02E,309.11764705882354
NHS GREATER MANCHESTER ICB - 01Y,306.6
NHS GREATER MANCHESTER ICB - 00V,305.4347826086956
NHS HERTFORDSHIRE AND WEST ESSEX ICB - 07H,302.14285714285717
NHS HUMBER AND NORTH YORKSHIRE ICB - 03H,278.25
NHS CHESHIRE AND MERSEYSIDE ICB - 01T,272.5
NHS STAFFORDSHIRE AND STOKE-ON-TRENT ICB - 05D,266.25
NHS NORTH EAST AND NORTH CUMBRIA ICB - 99C,264.11764705882354
NHS NORTH EAST AND NORTH CUMBRIA ICB - 01H,261.875
NHS HUMBER AND NORTH YORKSHIRE ICB - 03F,259.0625
NHS NOTTINGHAM AND NOTTINGHAMSHIRE ICB - 02Q,258.0
NHS LANCASHIRE AND SOUTH CUMBRIA ICB - 02M,256.7241379310345
NHS LANCASHIRE AND SOUTH CUMBRIA ICB - 00R,232.75
NHS HUMBER AND NORTH YORKSHIRE ICB - 03K,232.0
NHS CHESHIRE AND MERSEYSIDE ICB - 01J,218.75
NHS CHESHIRE AND MERSEYSIDE ICB - 01F,217.5
NHS LANCASHIRE AND SOUTH CUMBRIA ICB - 02G,206.76470588235293
NHS SUFFOLK AND NORTH EAST ESSEX ICB - 06T,190.0
NHS CHESHIRE AND MERSEYSIDE ICB - 01V,170.5
NHS MID AND SOUTH ESSEX ICB - 99G,168.0
NHS CHESHIRE AND MERSEYSIDE ICB - 01X,146.94444444444446
NHS MID AND SOUTH ESSEX ICB - 99E,130.33333333333334
NHS MID AND SOUTH ESSEX ICB - 07G,122.8125
"NHS BUCKINGHAMSHIRE, OXFORDSHIRE AND BERKSHIRE WEST ICB - 14Y",118.33333333333333
NHS MID AND SOUTH ESSEX ICB - 99F,118.0
EAST OF ENGLAND - H&J COMMISSIONING HUB,42.142857142857146
NATIONAL COMMISSIONING HUB 1,20.88235294117647
